employeeId,FirstName,LastName,Gender,Age,Phone,Address,Email,payementAmount
1,Tumelo,Atwood,M,56,757842187,Bergsgatan 13, tumeloAtwood@yahoo.com,4000
2,Acacia ,Garret,M,50,742893988,Storstad 15,acaciagarret@gmail.com,6000
3,Sera,Blakely,F,40,713417657,Polacksgatan 12,serablakely@gmail.com,6000
4,Dionne, Braxton,F,40,712417468,vivelgatan 15,dionnebraxton@gmail.com,3000
5,Macey, Eliott,M,70,710674798,Sköndalsvagen 19,maceyeliott@hotmail.com,6200
6,Nellie ,Humphrey,F,29,745889858,Völlingby Vigen 34,nelliehumphrey@gmail.com,1900
7,Kisembo,Brooks,M,45,787909127,Polacksgatan 236,Kisembobrooks@yahoo.com,6000
8,Breana ,Earls,M,50,752378979,Gamlastan 57,breanaearls@gmail.com,5000
9,Barb ,Dennis,M,41,72370899,Gamlavägen 42,barbdennis@gmail.com,4400
10,Earleen, Marston,F,30,734427878,Staglabergsgatan,earleenmarston@hotmail.com,2500
11,Jasmine ,Millward,F,27,7051898233,Drottningsgatan 52,jasminemillward@hotmail.com,2000
12,Ros, Hibbert,M,24,207523787,Kingsalley 23,roshibbert@gmail.com,5200
13,Hailie, Kendal,F,39,74565190,Polacksgatan 34, hailiekendal@yahoo.com,2500
14,Roxie, Haynes,F,50,78379867423,vivelgatan 7, roxiehaynes@gmail.com,3000
15,Nsia ,Kimberly,M,28,728390753,Moveonb 52,kimberly@gmail.com,6600
16,Alise ,Pond,F,40,7408945345,noroccogatan43, alisepond@gmail.com,3000
17,Emelia ,Mallory,F,48,748526879,Juventusgatan,emeliamallory@gmail.com,3600
18,Cam , Wild,M,50,738798238,vivelgatan ,Camwild@gmail.com,55000
19,Nanjala , Henryson,F,38,233896423,Southgatan nanjalaHenryson@gmail.com,,3000
20,Malinda ,Farran,F,60,52361080,rebecagatan 23,malindaFarran@gmail.com,2600
21,Faith, Atwater,F,47,storgatan,faithAtwater@gmail.com,2000
