employerId,FirstName,LastName,Gender,Age,Phone,Email,Address,payementAmount
1,Lucy,Kelly,F,30,701969651,kelly@gmail.com,långgatan 2,5000
2,Charles,Villa,M,33,777180989,Charles@gmail.com,Långnesngatan 4,5500
3,Christiano,Muneza,M,26,73829130,Muneza@gmail.com,Polacksgatan 1,7000
4,Marta,Nyamuneza,F,30,787443742,Muneza12@yahoo.com,gågatan 89,4000
5,Ange,Frebour,F,40,7437884232,agnl@gmail.com,hesslegatan 20,4200
6,Prince,Gasongo,M,27,7231489423,gasongo@yahoo.com,nashigatan 23,5800
7,Mutani,Diane,F,30,70237899,mutoni45@gmail.com,Vasagatan 40,9000
8,Willingiye,Beatrice,F,30,235872985,Beatrice@gmail.com,Juventusgatan  32,8000
9,Bahizi,Janette,F,43,5235212565,bahizi@yahoo.com,Latngatan 43,6000
10,Danait,Diane,F,62,52352216346,Diana@hotmail.com,Lulogatan 34,7700
11,Grace,Jordan,F,29,7547475474,grace@hotmail.com,Vingkergatna 4,4400
12,Carolin,Olsson,F,30,6344636345,crklf95@gmail.com,Eriksdal 31,10000
13,Kansime,Sara,F,40,8568567474,sarjo@gmail.com,Lukdalvägen 43,11000
14,Emily ,Semanda,F,50,5475368474,emily12@hotmail.com,Völlingbygatan 43,3600
15,Eric,Borat,M,39,85685889634,erbor@gmail.com,Kralskrona 43,5500
16,Jessica,Bryan,F,44,218788237,Jessica@gmail.com,långgatan 45,5400
17,Abraham,Sebagabo,M,45,87192389923,sebagabo12@gmail.com,Polacksgatan 32,10000
18,Carlsson,Linnea,F,56,2098908789,Linnea1@gmail.com,Kralskrona 4,23060
19,Emilia,Hedda,F,32,34809890,Hedda@yahoo.com,bollnäsgatan 43,4800
20,Kisembo,Kabo,F,53,2398098054,Kisembo@gmail.com,Jelhanti 42,4000
21,Taxaan,Brhane,M,40,5237218989,Taxaan@gmail.om,laroverksgatn 4,8000
